https://www.googleapis.com/download/storage/v1/b/iex/o/data%2Ffeeds%2F20240226%2F20240226_IEXTP1_DEEP1.0.pcap.gz?generation=1708989821160265&alt=media,data_feeds_20240226_20240226_IEXTP1_DEEP1.0.pcap.gz
https://www.googleapis.com/download/storage/v1/b/iex/o/data%2Ffeeds%2F20240226%2F20240226_IEXTP1_TOPS1.6.pcap.gz?generation=1708990505094092&alt=media,data_feeds_20240226_20240226_IEXTP1_TOPS1.6.pcap.gz
https://www.googleapis.com/download/storage/v1/b/iex/o/data%2Ffeeds%2F20240227%2F20240227_IEXTP1_DEEP1.0.pcap.gz?generation=1709076473313159&alt=media,data_feeds_20240227_20240227_IEXTP1_DEEP1.0.pcap.gz
https://www.googleapis.com/download/storage/v1/b/iex/o/data%2Ffeeds%2F20240227%2F20240227_IEXTP1_TOPS1.6.pcap.gz?generation=1709077212951286&alt=media,data_feeds_20240227_20240227_IEXTP1_TOPS1.6.pcap.gz
https://www.googleapis.com/download/storage/v1/b/iex/o/data%2Ffeeds%2F20240228%2F20240228_IEXTP1_DEEP1.0.pcap.gz?generation=1709162565157413&alt=media,data_feeds_20240228_20240228_IEXTP1_DEEP1.0.pcap.gz
https://www.googleapis.com/download/storage/v1/b/iex/o/data%2Ffeeds%2F20240228%2F20240228_IEXTP1_TOPS1.6.pcap.gz?generation=1709163231460264&alt=media,data_feeds_20240228_20240228_IEXTP1_TOPS1.6.pcap.gz
https://www.googleapis.com/download/storage/v1/b/iex/o/data%2Ffeeds%2F20240229%2F20240229_IEXTP1_DEEP1.0.pcap.gz?generation=1709249079286445&alt=media,data_feeds_20240229_20240229_IEXTP1_DEEP1.0.pcap.gz
https://www.googleapis.com/download/storage/v1/b/iex/o/data%2Ffeeds%2F20240229%2F20240229_IEXTP1_TOPS1.6.pcap.gz?generation=1709249873725750&alt=media,data_feeds_20240229_20240229_IEXTP1_TOPS1.6.pcap.gz
https://www.googleapis.com/download/storage/v1/b/iex/o/data%2Ffeeds%2F20240301%2F20240301_IEXTP1_DEEP1.0.pcap.gz?generation=1709335543063286&alt=media,data_feeds_20240301_20240301_IEXTP1_DEEP1.0.pcap.gz
https://www.googleapis.com/download/storage/v1/b/iex/o/data%2Ffeeds%2F20240301%2F20240301_IEXTP1_TOPS1.6.pcap.gz?generation=1709336257376932&alt=media,data_feeds_20240301_20240301_IEXTP1_TOPS1.6.pcap.gz
